{"npmi_mean": 0.25369549875842645, "tu_mean": 0.67, "to": 0.4519274376417234, "entire_overlaps": 0}