{"npmi_mean": 0.1766797894227546, "tu_mean": 0.754, "to": 0.25850340136054417, "entire_overlaps": 0}